[
  {
    "city": "Tokyo",
    "country": "Japan",
    "timezone": "Asia/Tokyo",
    "aliases": ["Tokyo"]
  },
  {
    "city": "Delhi",
    "country": "India",
    "timezone": "Asia/Kolkata",
    "aliases": ["New Delhi", "Delhi"]
  },
  {
    "city": "Shanghai",
    "country": "China",
    "timezone": "Asia/Shanghai",
    "aliases": ["Shanghai"]
  },
  {
    "city": "São Paulo",
    "country": "Brazil",
    "timezone": "America/Sao_Paulo",
    "aliases": ["Sao Paulo", "São Paulo"]
  },
  {
    "city": "Mexico City",
    "country": "Mexico",
    "timezone": "America/Mexico_City",
    "aliases": ["CDMX", "Mexico City"]
  },
  {
    "city": "Cairo",
    "country": "Egypt",
    "timezone": "Africa/Cairo",
    "aliases": ["Cairo"]
  },
  {
    "city": "Mumbai",
    "country": "India",
    "timezone": "Asia/Kolkata",
    "aliases": ["Bombay", "Mumbai"]
  },
  {
    "city": "Beijing",
    "country": "China",
    "timezone": "Asia/Shanghai",
    "aliases": ["Beijing"]
  },
  {
    "city": "Dhaka",
    "country": "Bangladesh",
    "timezone": "Asia/Dhaka",
    "aliases": ["Dhaka"]
  },
  {
    "city": "Osaka",
    "country": "Japan",
    "timezone": "Asia/Tokyo",
    "aliases": ["Osaka"]
  },
  {
    "city": "New York City",
    "country": "United States",
    "timezone": "America/New_York",
    "aliases": ["NYC", "New York", "Manhattan", "NY"]
  },
  {
    "city": "Karachi",
    "country": "Pakistan",
    "timezone": "Asia/Karachi",
    "aliases": ["Karachi"]
  },
  {
    "city": "Buenos Aires",
    "country": "Argentina",
    "timezone": "America/Argentina/Buenos_Aires",
    "aliases": ["Buenos Aires"]
  },
  {
    "city": "Chongqing",
    "country": "China",
    "timezone": "Asia/Shanghai",
    "aliases": ["Chongqing"]
  },
  {
    "city": "Istanbul",
    "country": "Turkey",
    "timezone": "Europe/Istanbul",
    "aliases": ["Istanbul"]
  },
  {
    "city": "Kolkata",
    "country": "India",
    "timezone": "Asia/Kolkata",
    "aliases": ["Calcutta", "Kolkata"]
  },
  {
    "city": "Manila",
    "country": "Philippines",
    "timezone": "Asia/Manila",
    "aliases": ["Manila"]
  },
  {
    "city": "Lagos",
    "country": "Nigeria",
    "timezone": "Africa/Lagos",
    "aliases": ["Lagos"]
  },
  {
    "city": "Rio de Janeiro",
    "country": "Brazil",
    "timezone": "America/Sao_Paulo",
    "aliases": ["Rio", "Rio de Janeiro"]
  },
  {
    "city": "Tianjin",
    "country": "China",
    "timezone": "Asia/Shanghai",
    "aliases": ["Tianjin"]
  },
  {
    "city": "Kinshasa",
    "country": "Democratic Republic of the Congo",
    "timezone": "Africa/Kinshasa",
    "aliases": ["Kinshasa"]
  },
  {
    "city": "Guangzhou",
    "country": "China",
    "timezone": "Asia/Shanghai",
    "aliases": ["Guangzhou", "Canton"]
  },
  {
    "city": "Los Angeles",
    "country": "United States",
    "timezone": "America/Los_Angeles",
    "aliases": ["LA", "Los Angeles", "California", "CA"]
  },
  {
    "city": "Moscow",
    "country": "Russia",
    "timezone": "Europe/Moscow",
    "aliases": ["Moscow"]
  },
  {
    "city": "Shenzhen",
    "country": "China",
    "timezone": "Asia/Shanghai",
    "aliases": ["Shenzhen"]
  },
  {
    "city": "Lahore",
    "country": "Pakistan",
    "timezone": "Asia/Karachi",
    "aliases": ["Lahore"]
  },
  {
    "city": "Bangalore",
    "country": "India",
    "timezone": "Asia/Kolkata",
    "aliases": ["Bengaluru", "Bangalore"]
  },
  {
    "city": "Paris",
    "country": "France",
    "timezone": "Europe/Paris",
    "aliases": ["Paris"]
  },
  {
    "city": "Bogotá",
    "country": "Colombia",
    "timezone": "America/Bogota",
    "aliases": ["Bogota", "Bogotá"]
  },
  {
    "city": "Jakarta",
    "country": "Indonesia",
    "timezone": "Asia/Jakarta",
    "aliases": ["Jakarta"]
  },
  {
    "city": "Chennai",
    "country": "India",
    "timezone": "Asia/Kolkata",
    "aliases": ["Madras", "Chennai"]
  },
  {
    "city": "Lima",
    "country": "Peru",
    "timezone": "America/Lima",
    "aliases": ["Lima"]
  },
  {
    "city": "Bangkok",
    "country": "Thailand",
    "timezone": "Asia/Bangkok",
    "aliases": ["Bangkok"]
  },
  {
    "city": "Seoul",
    "country": "South Korea",
    "timezone": "Asia/Seoul",
    "aliases": ["Seoul"]
  },
  {
    "city": "Nagoya",
    "country": "Japan",
    "timezone": "Asia/Tokyo",
    "aliases": ["Nagoya"]
  },
  {
    "city": "Hyderabad",
    "country": "India",
    "timezone": "Asia/Kolkata",
    "aliases": ["Hyderabad"]
  },
  {
    "city": "London",
    "country": "United Kingdom",
    "timezone": "Europe/London",
    "aliases": ["London"]
  },
  {
    "city": "Tehran",
    "country": "Iran",
    "timezone": "Asia/Tehran",
    "aliases": ["Tehran"]
  },
  {
    "city": "Chicago",
    "country": "United States",
    "timezone": "America/Chicago",
    "aliases": ["Chi-town", "Chicago", "Illinois", "IL"]
  },
  {
    "city": "Chengdu",
    "country": "China",
    "timezone": "Asia/Shanghai",
    "aliases": ["Chengdu"]
  },
  {
    "city": "Nanjing",
    "country": "China",
    "timezone": "Asia/Shanghai",
    "aliases": ["Nanjing", "Nanking"]
  },
  {
    "city": "Wuhan",
    "country": "China",
    "timezone": "Asia/Shanghai",
    "aliases": ["Wuhan"]
  },
  {
    "city": "Ho Chi Minh City",
    "country": "Vietnam",
    "timezone": "Asia/Ho_Chi_Minh",
    "aliases": ["Saigon", "Ho Chi Minh", "HCMC"]
  },
  {
    "city": "Luanda",
    "country": "Angola",
    "timezone": "Africa/Luanda",
    "aliases": ["Luanda"]
  },
  {
    "city": "Ahmedabad",
    "country": "India",
    "timezone": "Asia/Kolkata",
    "aliases": ["Ahmedabad"]
  },
  {
    "city": "Kuala Lumpur",
    "country": "Malaysia",
    "timezone": "Asia/Kuala_Lumpur",
    "aliases": ["KL", "Kuala Lumpur"]
  },
  {
    "city": "Xi'an",
    "country": "China",
    "timezone": "Asia/Shanghai",
    "aliases": ["Xian", "Xi'an"]
  },
  {
    "city": "Hong Kong",
    "country": "Hong Kong",
    "timezone": "Asia/Hong_Kong",
    "aliases": ["HK", "Hong Kong"]
  },
  {
    "city": "Dongguan",
    "country": "China",
    "timezone": "Asia/Shanghai",
    "aliases": ["Dongguan"]
  },
  {
    "city": "Hangzhou",
    "country": "China",
    "timezone": "Asia/Shanghai",
    "aliases": ["Hangzhou"]
  }
,
  {
    "city": "Foshan",
    "country": "China",
    "timezone": "Asia/Shanghai",
    "aliases": ["Foshan"]
  },
  {
    "city": "Shenyang",
    "country": "China",
    "timezone": "Asia/Shanghai",
    "aliases": ["Shenyang", "Mukden"]
  },
  {
    "city": "Riyadh",
    "country": "Saudi Arabia",
    "timezone": "Asia/Riyadh",
    "aliases": ["Riyadh"]
  },
  {
    "city": "Baghdad",
    "country": "Iraq",
    "timezone": "Asia/Baghdad",
    "aliases": ["Baghdad"]
  },
  {
    "city": "Santiago",
    "country": "Chile",
    "timezone": "America/Santiago",
    "aliases": ["Santiago"]
  },
  {
    "city": "Surat",
    "country": "India",
    "timezone": "Asia/Kolkata",
    "aliases": ["Surat"]
  },
  {
    "city": "Madrid",
    "country": "Spain",
    "timezone": "Europe/Madrid",
    "aliases": ["Madrid"]
  },
  {
    "city": "Suzhou",
    "country": "China",
    "timezone": "Asia/Shanghai",
    "aliases": ["Suzhou"]
  },
  {
    "city": "Pune",
    "country": "India",
    "timezone": "Asia/Kolkata",
    "aliases": ["Pune", "Poona"]
  },
  {
    "city": "Harbin",
    "country": "China",
    "timezone": "Asia/Shanghai",
    "aliases": ["Harbin"]
  },
  {
    "city": "Houston",
    "country": "United States",
    "timezone": "America/Chicago",
    "aliases": ["Houston", "Texas", "TX"]
  },
  {
    "city": "Dallas",
    "country": "United States",
    "timezone": "America/Chicago",
    "aliases": ["Dallas"]
  },
  {
    "city": "Toronto",
    "country": "Canada",
    "timezone": "America/Toronto",
    "aliases": ["Toronto"]
  },
  {
    "city": "Dar es Salaam",
    "country": "Tanzania",
    "timezone": "Africa/Dar_es_Salaam",
    "aliases": ["Dar es Salaam", "Dar"]
  },
  {
    "city": "Miami",
    "country": "United States",
    "timezone": "America/New_York",
    "aliases": ["Miami", "Florida", "FL"]
  },
  {
    "city": "Belo Horizonte",
    "country": "Brazil",
    "timezone": "America/Sao_Paulo",
    "aliases": ["Belo Horizonte"]
  },
  {
    "city": "Singapore",
    "country": "Singapore",
    "timezone": "Asia/Singapore",
    "aliases": ["Singapore"]
  },
  {
    "city": "Philadelphia",
    "country": "United States",
    "timezone": "America/New_York",
    "aliases": ["Philly", "Philadelphia"]
  },
  {
    "city": "Qingdao",
    "country": "China",
    "timezone": "Asia/Shanghai",
    "aliases": ["Qingdao", "Tsingtao"]
  },
  {
    "city": "Zhengzhou",
    "country": "China",
    "timezone": "Asia/Shanghai",
    "aliases": ["Zhengzhou"]
  },
  {
    "city": "Atlanta",
    "country": "United States",
    "timezone": "America/New_York",
    "aliases": ["Atlanta"]
  },
  {
    "city": "Khartoum",
    "country": "Sudan",
    "timezone": "Africa/Khartoum",
    "aliases": ["Khartoum"]
  },
  {
    "city": "Barcelona",
    "country": "Spain",
    "timezone": "Europe/Madrid",
    "aliases": ["Barcelona"]
  },
  {
    "city": "Johannesburg",
    "country": "South Africa",
    "timezone": "Africa/Johannesburg",
    "aliases": ["Johannesburg", "Joburg"]
  },
  {
    "city": "Saint Petersburg",
    "country": "Russia",
    "timezone": "Europe/Moscow",
    "aliases": ["St Petersburg", "Saint Petersburg", "Leningrad"]
  },
  {
    "city": "Qianjiang",
    "country": "China",
    "timezone": "Asia/Shanghai",
    "aliases": ["Qianjiang"]
  },
  {
    "city": "Alexandria",
    "country": "Egypt",
    "timezone": "Africa/Cairo",
    "aliases": ["Alexandria"]
  },
  {
    "city": "Dalian",
    "country": "China",
    "timezone": "Asia/Shanghai",
    "aliases": ["Dalian", "Dairen"]
  },
  {
    "city": "Washington",
    "country": "United States",
    "timezone": "America/New_York",
    "aliases": ["DC", "Washington DC", "Washington"]
  },
  {
    "city": "Yangon",
    "country": "Myanmar",
    "timezone": "Asia/Yangon",
    "aliases": ["Yangon", "Rangoon"]
  },
  {
    "city": "Jinan",
    "country": "China",
    "timezone": "Asia/Shanghai",
    "aliases": ["Jinan"]
  },
  {
    "city": "Guadalajara",
    "country": "Mexico",
    "timezone": "America/Mexico_City",
    "aliases": ["Guadalajara"]
  },
  {
    "city": "Abidjan",
    "country": "Ivory Coast",
    "timezone": "Africa/Abidjan",
    "aliases": ["Abidjan"]
  },
  {
    "city": "Ankara",
    "country": "Turkey",
    "timezone": "Europe/Istanbul",
    "aliases": ["Ankara"]
  },
  {
    "city": "Kano",
    "country": "Nigeria",
    "timezone": "Africa/Lagos",
    "aliases": ["Kano"]
  },
  {
    "city": "Boston",
    "country": "United States",
    "timezone": "America/New_York",
    "aliases": ["Boston"]
  },
  {
    "city": "Phoenix",
    "country": "United States",
    "timezone": "America/Phoenix",
    "aliases": ["Phoenix"]
  },
  {
    "city": "Monterrey",
    "country": "Mexico",
    "timezone": "America/Monterrey",
    "aliases": ["Monterrey"]
  },
  {
    "city": "Sydney",
    "country": "Australia",
    "timezone": "Australia/Sydney",
    "aliases": ["Sydney"]
  },
  {
    "city": "Melbourne",
    "country": "Australia",
    "timezone": "Australia/Melbourne",
    "aliases": ["Melbourne"]
  },
  {
    "city": "Changsha",
    "country": "China",
    "timezone": "Asia/Shanghai",
    "aliases": ["Changsha"]
  },
  {
    "city": "Shantou",
    "country": "China",
    "timezone": "Asia/Shanghai",
    "aliases": ["Shantou", "Swatow"]
  },
  {
    "city": "Kabul",
    "country": "Afghanistan",
    "timezone": "Asia/Kabul",
    "aliases": ["Kabul"]
  },
  {
    "city": "Casablanca",
    "country": "Morocco",
    "timezone": "Africa/Casablanca",
    "aliases": ["Casablanca"]
  },
  {
    "city": "Jeddah",
    "country": "Saudi Arabia",
    "timezone": "Asia/Riyadh",
    "aliases": ["Jeddah", "Jiddah"]
  }
,
  {
    "city": "Taiyuan",
    "country": "China",
    "timezone": "Asia/Shanghai",
    "aliases": ["Taiyuan"]
  },
  {
    "city": "Hefei",
    "country": "China",
    "timezone": "Asia/Shanghai",
    "aliases": ["Hefei"]
  },
  {
    "city": "Pyongyang",
    "country": "North Korea",
    "timezone": "Asia/Pyongyang",
    "aliases": ["Pyongyang"]
  },
  {
    "city": "Nairobi",
    "country": "Kenya",
    "timezone": "Africa/Nairobi",
    "aliases": ["Nairobi"]
  },
  {
    "city": "Hanoi",
    "country": "Vietnam",
    "timezone": "Asia/Ho_Chi_Minh",
    "aliases": ["Hanoi"]
  },
  {
    "city": "Changchun",
    "country": "China",
    "timezone": "Asia/Shanghai",
    "aliases": ["Changchun", "Hsinking"]
  },
  {
    "city": "Kunming",
    "country": "China",
    "timezone": "Asia/Shanghai",
    "aliases": ["Kunming"]
  },
  {
    "city": "Shijiazhuang",
    "country": "China",
    "timezone": "Asia/Shanghai",
    "aliases": ["Shijiazhuang"]
  },
  {
    "city": "Caracas",
    "country": "Venezuela",
    "timezone": "America/Caracas",
    "aliases": ["Caracas"]
  },
  {
    "city": "Xiamen",
    "country": "China",
    "timezone": "Asia/Shanghai",
    "aliases": ["Xiamen", "Amoy"]
  },
  {
    "city": "Nanchang",
    "country": "China",
    "timezone": "Asia/Shanghai",
    "aliases": ["Nanchang"]
  },
  {
    "city": "Fuzhou",
    "country": "China",
    "timezone": "Asia/Shanghai",
    "aliases": ["Fuzhou", "Foochow"]
  },
  {
    "city": "Wuxi",
    "country": "China",
    "timezone": "Asia/Shanghai",
    "aliases": ["Wuxi"]
  },
  {
    "city": "Zunyi",
    "country": "China",
    "timezone": "Asia/Shanghai",
    "aliases": ["Zunyi"]
  },
  {
    "city": "Lanzhou",
    "country": "China",
    "timezone": "Asia/Shanghai",
    "aliases": ["Lanzhou"]
  },
  {
    "city": "Urumqi",
    "country": "China",
    "timezone": "Asia/Urumqi",
    "aliases": ["Urumqi", "Ürümqi"]
  },
  {
    "city": "Zhongshan",
    "country": "China",
    "timezone": "Asia/Shanghai",
    "aliases": ["Zhongshan"]
  },
  {
    "city": "Ningbo",
    "country": "China",
    "timezone": "Asia/Shanghai",
    "aliases": ["Ningbo"]
  },
  {
    "city": "Cape Town",
    "country": "South Africa",
    "timezone": "Africa/Johannesburg",
    "aliases": ["Cape Town"]
  },
  {
    "city": "Berlin",
    "country": "Germany",
    "timezone": "Europe/Berlin",
    "aliases": ["Berlin"]
  },
  {
    "city": "Jaipur",
    "country": "India",
    "timezone": "Asia/Kolkata",
    "aliases": ["Jaipur"]
  },
  {
    "city": "Lucknow",
    "country": "India",
    "timezone": "Asia/Kolkata",
    "aliases": ["Lucknow"]
  },
  {
    "city": "Kanpur",
    "country": "India",
    "timezone": "Asia/Kolkata",
    "aliases": ["Kanpur", "Cawnpore"]
  },
  {
    "city": "Nagpur",
    "country": "India",
    "timezone": "Asia/Kolkata",
    "aliases": ["Nagpur"]
  },
  {
    "city": "Indore",
    "country": "India",
    "timezone": "Asia/Kolkata",
    "aliases": ["Indore"]
  },
  {
    "city": "Thane",
    "country": "India",
    "timezone": "Asia/Kolkata",
    "aliases": ["Thane"]
  },
  {
    "city": "Bhopal",
    "country": "India",
    "timezone": "Asia/Kolkata",
    "aliases": ["Bhopal"]
  },
  {
    "city": "Visakhapatnam",
    "country": "India",
    "timezone": "Asia/Kolkata",
    "aliases": ["Visakhapatnam", "Vizag"]
  },
  {
    "city": "Patna",
    "country": "India",
    "timezone": "Asia/Kolkata",
    "aliases": ["Patna"]
  },
  {
    "city": "Ludhiana",
    "country": "India",
    "timezone": "Asia/Kolkata",
    "aliases": ["Ludhiana"]
  },
  {
    "city": "Agra",
    "country": "India",
    "timezone": "Asia/Kolkata",
    "aliases": ["Agra"]
  },
  {
    "city": "Vadodara",
    "country": "India",
    "timezone": "Asia/Kolkata",
    "aliases": ["Vadodara", "Baroda"]
  },
  {
    "city": "Kigali",
    "country": "Rwanda",
    "timezone": "Africa/Kigali",
    "aliases": ["Kigali"]
  },
  {
    "city": "Addis Ababa",
    "country": "Ethiopia",
    "timezone": "Africa/Addis_Ababa",
    "aliases": ["Addis Ababa", "Addis"]
  },
  {
    "city": "Accra",
    "country": "Ghana",
    "timezone": "Africa/Accra",
    "aliases": ["Accra"]
  },
  {
    "city": "Dakar",
    "country": "Senegal",
    "timezone": "Africa/Dakar",
    "aliases": ["Dakar"]
  },
  {
    "city": "Rome",
    "country": "Italy",
    "timezone": "Europe/Rome",
    "aliases": ["Rome", "Roma"]
  },
  {
    "city": "Algiers",
    "country": "Algeria",
    "timezone": "Africa/Algiers",
    "aliases": ["Algiers", "Alger"]
  },
  {
    "city": "Kampala",
    "country": "Uganda",
    "timezone": "Africa/Kampala",
    "aliases": ["Kampala"]
  },
  {
    "city": "Lusaka",
    "country": "Zambia",
    "timezone": "Africa/Lusaka",
    "aliases": ["Lusaka"]
  },
  {
    "city": "Maputo",
    "country": "Mozambique",
    "timezone": "Africa/Maputo",
    "aliases": ["Maputo"]
  },
  {
    "city": "Harare",
    "country": "Zimbabwe",
    "timezone": "Africa/Harare",
    "aliases": ["Harare"]
  },
  {
    "city": "Antananarivo",
    "country": "Madagascar",
    "timezone": "Indian/Antananarivo",
    "aliases": ["Antananarivo", "Tana"]
  },
  {
    "city": "Douala",
    "country": "Cameroon",
    "timezone": "Africa/Douala",
    "aliases": ["Douala"]
  }
,
  {
    "city": "Yaoundé",
    "country": "Cameroon",
    "timezone": "Africa/Douala",
    "aliases": ["Yaounde", "Yaoundé"]
  },
  {
    "city": "Conakry",
    "country": "Guinea",
    "timezone": "Africa/Conakry",
    "aliases": ["Conakry"]
  },
  {
    "city": "Bamako",
    "country": "Mali",
    "timezone": "Africa/Bamako",
    "aliases": ["Bamako"]
  },
  {
    "city": "Ouagadougou",
    "country": "Burkina Faso",
    "timezone": "Africa/Ouagadougou",
    "aliases": ["Ouagadougou"]
  },
  {
    "city": "Niamey",
    "country": "Niger",
    "timezone": "Africa/Niamey",
    "aliases": ["Niamey"]
  },
  {
    "city": "Tunis",
    "country": "Tunisia",
    "timezone": "Africa/Tunis",
    "aliases": ["Tunis"]
  },
  {
    "city": "Tripoli",
    "country": "Libya",
    "timezone": "Africa/Tripoli",
    "aliases": ["Tripoli"]
  },
  {
    "city": "Rabat",
    "country": "Morocco",
    "timezone": "Africa/Casablanca",
    "aliases": ["Rabat"]
  },
  {
    "city": "Fez",
    "country": "Morocco",
    "timezone": "Africa/Casablanca",
    "aliases": ["Fez", "Fès"]
  },
  {
    "city": "Marrakech",
    "country": "Morocco",
    "timezone": "Africa/Casablanca",
    "aliases": ["Marrakech", "Marrakesh"]
  },
  {
    "city": "San Francisco",
    "country": "United States",
    "timezone": "America/Los_Angeles",
    "aliases": ["SF", "San Francisco", "Bay Area"]
  },
  {
    "city": "Seattle",
    "country": "United States",
    "timezone": "America/Los_Angeles",
    "aliases": ["Seattle", "Washington", "WA"]
  },
  {
    "city": "Denver",
    "country": "United States",
    "timezone": "America/Denver",
    "aliases": ["Denver"]
  },
  {
    "city": "Minneapolis",
    "country": "United States",
    "timezone": "America/Chicago",
    "aliases": ["Minneapolis"]
  },
  {
    "city": "Detroit",
    "country": "United States",
    "timezone": "America/Detroit",
    "aliases": ["Detroit"]
  },
  {
    "city": "San Diego",
    "country": "United States",
    "timezone": "America/Los_Angeles",
    "aliases": ["San Diego"]
  },
  {
    "city": "Tampa",
    "country": "United States",
    "timezone": "America/New_York",
    "aliases": ["Tampa"]
  },
  {
    "city": "Orlando",
    "country": "United States",
    "timezone": "America/New_York",
    "aliases": ["Orlando"]
  },
  {
    "city": "Portland",
    "country": "United States",
    "timezone": "America/Los_Angeles",
    "aliases": ["Portland"]
  },
  {
    "city": "Las Vegas",
    "country": "United States",
    "timezone": "America/Los_Angeles",
    "aliases": ["Vegas", "Las Vegas"]
  },
  {
    "city": "Austin",
    "country": "United States",
    "timezone": "America/Chicago",
    "aliases": ["Austin"]
  },
  {
    "city": "San Antonio",
    "country": "United States",
    "timezone": "America/Chicago",
    "aliases": ["San Antonio"]
  },
  {
    "city": "San Jose",
    "country": "United States",
    "timezone": "America/Los_Angeles",
    "aliases": ["San Jose"]
  },
  {
    "city": "Jacksonville",
    "country": "United States",
    "timezone": "America/New_York",
    "aliases": ["Jacksonville"]
  },
  {
    "city": "Charlotte",
    "country": "United States",
    "timezone": "America/New_York",
    "aliases": ["Charlotte"]
  },
  {
    "city": "Nashville",
    "country": "United States",
    "timezone": "America/Chicago",
    "aliases": ["Nashville"]
  },
  {
    "city": "Montreal",
    "country": "Canada",
    "timezone": "America/Montreal",
    "aliases": ["Montreal", "Montréal"]
  },
  {
    "city": "Vancouver",
    "country": "Canada",
    "timezone": "America/Vancouver",
    "aliases": ["Vancouver"]
  },
  {
    "city": "Calgary",
    "country": "Canada",
    "timezone": "America/Edmonton",
    "aliases": ["Calgary"]
  },
  {
    "city": "Edmonton",
    "country": "Canada",
    "timezone": "America/Edmonton",
    "aliases": ["Edmonton"]
  },
  {
    "city": "Ottawa",
    "country": "Canada",
    "timezone": "America/Toronto",
    "aliases": ["Ottawa"]
  },
  {
    "city": "Winnipeg",
    "country": "Canada",
    "timezone": "America/Winnipeg",
    "aliases": ["Winnipeg"]
  },
  {
    "city": "Quebec City",
    "country": "Canada",
    "timezone": "America/Montreal",
    "aliases": ["Quebec", "Québec"]
  },
  {
    "city": "Hamilton",
    "country": "Canada",
    "timezone": "America/Toronto",
    "aliases": ["Hamilton"]
  },
  {
    "city": "Puebla",
    "country": "Mexico",
    "timezone": "America/Mexico_City",
    "aliases": ["Puebla"]
  },
  {
    "city": "Tijuana",
    "country": "Mexico",
    "timezone": "America/Tijuana",
    "aliases": ["Tijuana"]
  },
  {
    "city": "León",
    "country": "Mexico",
    "timezone": "America/Mexico_City",
    "aliases": ["Leon", "León"]
  },
  {
    "city": "Juárez",
    "country": "Mexico",
    "timezone": "America/Chihuahua",
    "aliases": ["Juarez", "Juárez", "Ciudad Juarez"]
  },
  {
    "city": "Zapopan",
    "country": "Mexico",
    "timezone": "America/Mexico_City",
    "aliases": ["Zapopan"]
  },
  {
    "city": "Havana",
    "country": "Cuba",
    "timezone": "America/Havana",
    "aliases": ["Havana", "La Habana"]
  },
  {
    "city": "Santo Domingo",
    "country": "Dominican Republic",
    "timezone": "America/Santo_Domingo",
    "aliases": ["Santo Domingo"]
  },
  {
    "city": "Port-au-Prince",
    "country": "Haiti",
    "timezone": "America/Port-au-Prince",
    "aliases": ["Port-au-Prince"]
  },
  {
    "city": "San Juan",
    "country": "Puerto Rico",
    "timezone": "America/Puerto_Rico",
    "aliases": ["San Juan"]
  }
,
  {
    "city": "Panama City",
    "country": "Panama",
    "timezone": "America/Panama",
    "aliases": ["Panama", "Panama City"]
  },
  {
    "city": "San José",
    "country": "Costa Rica",
    "timezone": "America/Costa_Rica",
    "aliases": ["San Jose", "San José"]
  },
  {
    "city": "Guatemala City",
    "country": "Guatemala",
    "timezone": "America/Guatemala",
    "aliases": ["Guatemala", "Guatemala City"]
  },
  {
    "city": "Managua",
    "country": "Nicaragua",
    "timezone": "America/Managua",
    "aliases": ["Managua"]
  },
  {
    "city": "Tegucigalpa",
    "country": "Honduras",
    "timezone": "America/Tegucigalpa",
    "aliases": ["Tegucigalpa"]
  },
  {
    "city": "San Salvador",
    "country": "El Salvador",
    "timezone": "America/El_Salvador",
    "aliases": ["San Salvador"]
  },
  {
    "city": "Quito",
    "country": "Ecuador",
    "timezone": "America/Guayaquil",
    "aliases": ["Quito"]
  },
  {
    "city": "Guayaquil",
    "country": "Ecuador",
    "timezone": "America/Guayaquil",
    "aliases": ["Guayaquil"]
  },
  {
    "city": "Cali",
    "country": "Colombia",
    "timezone": "America/Bogota",
    "aliases": ["Cali"]
  },
  {
    "city": "Medellín",
    "country": "Colombia",
    "timezone": "America/Bogota",
    "aliases": ["Medellin", "Medellín"]
  },
  {
    "city": "Barranquilla",
    "country": "Colombia",
    "timezone": "America/Bogota",
    "aliases": ["Barranquilla"]
  },
  {
    "city": "Cartagena",
    "country": "Colombia",
    "timezone": "America/Bogota",
    "aliases": ["Cartagena"]
  },
  {
    "city": "La Paz",
    "country": "Bolivia",
    "timezone": "America/La_Paz",
    "aliases": ["La Paz"]
  },
  {
    "city": "Santa Cruz",
    "country": "Bolivia",
    "timezone": "America/La_Paz",
    "aliases": ["Santa Cruz"]
  },
  {
    "city": "Asunción",
    "country": "Paraguay",
    "timezone": "America/Asuncion",
    "aliases": ["Asuncion", "Asunción"]
  },
  {
    "city": "Montevideo",
    "country": "Uruguay",
    "timezone": "America/Montevideo",
    "aliases": ["Montevideo"]
  },
  {
    "city": "Brasília",
    "country": "Brazil",
    "timezone": "America/Sao_Paulo",
    "aliases": ["Brasilia", "Brasília"]
  },
  {
    "city": "Fortaleza",
    "country": "Brazil",
    "timezone": "America/Fortaleza",
    "aliases": ["Fortaleza"]
  },
  {
    "city": "Salvador",
    "country": "Brazil",
    "timezone": "America/Bahia",
    "aliases": ["Salvador"]
  },
  {
    "city": "Recife",
    "country": "Brazil",
    "timezone": "America/Recife",
    "aliases": ["Recife"]
  },
  {
    "city": "Manaus",
    "country": "Brazil",
    "timezone": "America/Manaus",
    "aliases": ["Manaus"]
  },
  {
    "city": "Curitiba",
    "country": "Brazil",
    "timezone": "America/Sao_Paulo",
    "aliases": ["Curitiba"]
  },
  {
    "city": "Porto Alegre",
    "country": "Brazil",
    "timezone": "America/Sao_Paulo",
    "aliases": ["Porto Alegre"]
  },
  {
    "city": "Belém",
    "country": "Brazil",
    "timezone": "America/Belem",
    "aliases": ["Belem", "Belém"]
  },
  {
    "city": "Goiânia",
    "country": "Brazil",
    "timezone": "America/Sao_Paulo",
    "aliases": ["Goiania", "Goiânia"]
  },
  {
    "city": "Córdoba",
    "country": "Argentina",
    "timezone": "America/Argentina/Cordoba",
    "aliases": ["Cordoba", "Córdoba"]
  },
  {
    "city": "Rosario",
    "country": "Argentina",
    "timezone": "America/Argentina/Cordoba",
    "aliases": ["Rosario"]
  },
  {
    "city": "Mendoza",
    "country": "Argentina",
    "timezone": "America/Argentina/Mendoza",
    "aliases": ["Mendoza"]
  },
  {
    "city": "Valparaíso",
    "country": "Chile",
    "timezone": "America/Santiago",
    "aliases": ["Valparaiso", "Valparaíso"]
  },
  {
    "city": "Concepción",
    "country": "Chile",
    "timezone": "America/Santiago",
    "aliases": ["Concepcion", "Concepción"]
  },
  {
    "city": "Dubai",
    "country": "United Arab Emirates",
    "timezone": "Asia/Dubai",
    "aliases": ["Dubai"]
  },
  {
    "city": "Abu Dhabi",
    "country": "United Arab Emirates",
    "timezone": "Asia/Dubai",
    "aliases": ["Abu Dhabi"]
  },
  {
    "city": "Tel Aviv",
    "country": "Israel",
    "timezone": "Asia/Jerusalem",
    "aliases": ["Tel Aviv"]
  },
  {
    "city": "Jerusalem",
    "country": "Israel",
    "timezone": "Asia/Jerusalem",
    "aliases": ["Jerusalem"]
  },
  {
    "city": "Amman",
    "country": "Jordan",
    "timezone": "Asia/Amman",
    "aliases": ["Amman"]
  },
  {
    "city": "Beirut",
    "country": "Lebanon",
    "timezone": "Asia/Beirut",
    "aliases": ["Beirut"]
  },
  {
    "city": "Damascus",
    "country": "Syria",
    "timezone": "Asia/Damascus",
    "aliases": ["Damascus"]
  },
  {
    "city": "Doha",
    "country": "Qatar",
    "timezone": "Asia/Qatar",
    "aliases": ["Doha"]
  },
  {
    "city": "Kuwait City",
    "country": "Kuwait",
    "timezone": "Asia/Kuwait",
    "aliases": ["Kuwait", "Kuwait City"]
  },
  {
    "city": "Muscat",
    "country": "Oman",
    "timezone": "Asia/Muscat",
    "aliases": ["Muscat"]
  },
  {
    "city": "Manama",
    "country": "Bahrain",
    "timezone": "Asia/Bahrain",
    "aliases": ["Manama"]
  }
,
  {
    "city": "Sanaa",
    "country": "Yemen",
    "timezone": "Asia/Aden",
    "aliases": ["Sanaa", "Sana'a"]
  },
  {
    "city": "Colombo",
    "country": "Sri Lanka",
    "timezone": "Asia/Colombo",
    "aliases": ["Colombo"]
  },
  {
    "city": "Kathmandu",
    "country": "Nepal",
    "timezone": "Asia/Kathmandu",
    "aliases": ["Kathmandu"]
  },
  {
    "city": "Islamabad",
    "country": "Pakistan",
    "timezone": "Asia/Karachi",
    "aliases": ["Islamabad"]
  },
  {
    "city": "Faisalabad",
    "country": "Pakistan",
    "timezone": "Asia/Karachi",
    "aliases": ["Faisalabad"]
  },
  {
    "city": "Rawalpindi",
    "country": "Pakistan",
    "timezone": "Asia/Karachi",
    "aliases": ["Rawalpindi"]
  },
  {
    "city": "Multan",
    "country": "Pakistan",
    "timezone": "Asia/Karachi",
    "aliases": ["Multan"]
  },
  {
    "city": "Peshawar",
    "country": "Pakistan",
    "timezone": "Asia/Karachi",
    "aliases": ["Peshawar"]
  },
  {
    "city": "Chittagong",
    "country": "Bangladesh",
    "timezone": "Asia/Dhaka",
    "aliases": ["Chittagong"]
  },
  {
    "city": "Khulna",
    "country": "Bangladesh",
    "timezone": "Asia/Dhaka",
    "aliases": ["Khulna"]
  },
  {
    "city": "Tashkent",
    "country": "Uzbekistan",
    "timezone": "Asia/Tashkent",
    "aliases": ["Tashkent"]
  },
  {
    "city": "Almaty",
    "country": "Kazakhstan",
    "timezone": "Asia/Almaty",
    "aliases": ["Almaty"]
  },
  {
    "city": "Nur-Sultan",
    "country": "Kazakhstan",
    "timezone": "Asia/Almaty",
    "aliases": ["Nur-Sultan", "Astana"]
  },
  {
    "city": "Bishkek",
    "country": "Kyrgyzstan",
    "timezone": "Asia/Bishkek",
    "aliases": ["Bishkek"]
  },
  {
    "city": "Dushanbe",
    "country": "Tajikistan",
    "timezone": "Asia/Dushanbe",
    "aliases": ["Dushanbe"]
  },
  {
    "city": "Ashgabat",
    "country": "Turkmenistan",
    "timezone": "Asia/Ashgabat",
    "aliases": ["Ashgabat", "Ashkhabad"]
  },
  {
    "city": "Tbilisi",
    "country": "Georgia",
    "timezone": "Asia/Tbilisi",
    "aliases": ["Tbilisi", "Tiflis"]
  },
  {
    "city": "Yerevan",
    "country": "Armenia",
    "timezone": "Asia/Yerevan",
    "aliases": ["Yerevan"]
  },
  {
    "city": "Baku",
    "country": "Azerbaijan",
    "timezone": "Asia/Baku",
    "aliases": ["Baku"]
  },
  {
    "city": "Taipei",
    "country": "Taiwan",
    "timezone": "Asia/Taipei",
    "aliases": ["Taipei"]
  },
  {
    "city": "Kaohsiung",
    "country": "Taiwan",
    "timezone": "Asia/Taipei",
    "aliases": ["Kaohsiung"]
  },
  {
    "city": "Taichung",
    "country": "Taiwan",
    "timezone": "Asia/Taipei",
    "aliases": ["Taichung"]
  },
  {
    "city": "Busan",
    "country": "South Korea",
    "timezone": "Asia/Seoul",
    "aliases": ["Busan", "Pusan"]
  },
  {
    "city": "Incheon",
    "country": "South Korea",
    "timezone": "Asia/Seoul",
    "aliases": ["Incheon"]
  },
  {
    "city": "Daegu",
    "country": "South Korea",
    "timezone": "Asia/Seoul",
    "aliases": ["Daegu", "Taegu"]
  },
  {
    "city": "Daejeon",
    "country": "South Korea",
    "timezone": "Asia/Seoul",
    "aliases": ["Daejeon", "Taejon"]
  },
  {
    "city": "Gwangju",
    "country": "South Korea",
    "timezone": "Asia/Seoul",
    "aliases": ["Gwangju", "Kwangju"]
  },
  {
    "city": "Sapporo",
    "country": "Japan",
    "timezone": "Asia/Tokyo",
    "aliases": ["Sapporo"]
  },
  {
    "city": "Yokohama",
    "country": "Japan",
    "timezone": "Asia/Tokyo",
    "aliases": ["Yokohama"]
  },
  {
    "city": "Kobe",
    "country": "Japan",
    "timezone": "Asia/Tokyo",
    "aliases": ["Kobe"]
  },
  {
    "city": "Kyoto",
    "country": "Japan",
    "timezone": "Asia/Tokyo",
    "aliases": ["Kyoto"]
  },
  {
    "city": "Fukuoka",
    "country": "Japan",
    "timezone": "Asia/Tokyo",
    "aliases": ["Fukuoka"]
  },
  {
    "city": "Kawasaki",
    "country": "Japan",
    "timezone": "Asia/Tokyo",
    "aliases": ["Kawasaki"]
  },
  {
    "city": "Saitama",
    "country": "Japan",
    "timezone": "Asia/Tokyo",
    "aliases": ["Saitama"]
  },
  {
    "city": "Hiroshima",
    "country": "Japan",
    "timezone": "Asia/Tokyo",
    "aliases": ["Hiroshima"]
  },
  {
    "city": "Sendai",
    "country": "Japan",
    "timezone": "Asia/Tokyo",
    "aliases": ["Sendai"]
  },
  {
    "city": "Ulaanbaatar",
    "country": "Mongolia",
    "timezone": "Asia/Ulaanbaatar",
    "aliases": ["Ulaanbaatar", "Ulan Bator"]
  },
  {
    "city": "Phnom Penh",
    "country": "Cambodia",
    "timezone": "Asia/Phnom_Penh",
    "aliases": ["Phnom Penh"]
  },
  {
    "city": "Vientiane",
    "country": "Laos",
    "timezone": "Asia/Vientiane",
    "aliases": ["Vientiane"]
  },
  {
    "city": "Surabaya",
    "country": "Indonesia",
    "timezone": "Asia/Jakarta",
    "aliases": ["Surabaya"]
  },
  {
    "city": "Bandung",
    "country": "Indonesia",
    "timezone": "Asia/Jakarta",
    "aliases": ["Bandung"]
  },
  {
    "city": "Medan",
    "country": "Indonesia",
    "timezone": "Asia/Jakarta",
    "aliases": ["Medan"]
  }
,
  {
    "city": "Semarang",
    "country": "Indonesia",
    "timezone": "Asia/Jakarta",
    "aliases": ["Semarang"]
  },
  {
    "city": "Palembang",
    "country": "Indonesia",
    "timezone": "Asia/Jakarta",
    "aliases": ["Palembang"]
  },
  {
    "city": "Makassar",
    "country": "Indonesia",
    "timezone": "Asia/Makassar",
    "aliases": ["Makassar", "Ujung Pandang"]
  },
  {
    "city": "Quezon City",
    "country": "Philippines",
    "timezone": "Asia/Manila",
    "aliases": ["Quezon City"]
  },
  {
    "city": "Davao City",
    "country": "Philippines",
    "timezone": "Asia/Manila",
    "aliases": ["Davao"]
  },
  {
    "city": "Cebu City",
    "country": "Philippines",
    "timezone": "Asia/Manila",
    "aliases": ["Cebu"]
  },
  {
    "city": "George Town",
    "country": "Malaysia",
    "timezone": "Asia/Kuala_Lumpur",
    "aliases": ["George Town", "Penang"]
  },
  {
    "city": "Ipoh",
    "country": "Malaysia",
    "timezone": "Asia/Kuala_Lumpur",
    "aliases": ["Ipoh"]
  },
  {
    "city": "Johor Bahru",
    "country": "Malaysia",
    "timezone": "Asia/Kuala_Lumpur",
    "aliases": ["Johor Bahru", "JB"]
  },
  {
    "city": "Chiang Mai",
    "country": "Thailand",
    "timezone": "Asia/Bangkok",
    "aliases": ["Chiang Mai"]
  },
  {
    "city": "Phuket",
    "country": "Thailand",
    "timezone": "Asia/Bangkok",
    "aliases": ["Phuket"]
  },
  {
    "city": "Brisbane",
    "country": "Australia",
    "timezone": "Australia/Brisbane",
    "aliases": ["Brisbane"]
  },
  {
    "city": "Perth",
    "country": "Australia",
    "timezone": "Australia/Perth",
    "aliases": ["Perth"]
  },
  {
    "city": "Adelaide",
    "country": "Australia",
    "timezone": "Australia/Adelaide",
    "aliases": ["Adelaide"]
  },
  {
    "city": "Gold Coast",
    "country": "Australia",
    "timezone": "Australia/Brisbane",
    "aliases": ["Gold Coast"]
  },
  {
    "city": "Canberra",
    "country": "Australia",
    "timezone": "Australia/Sydney",
    "aliases": ["Canberra"]
  },
  {
    "city": "Auckland",
    "country": "New Zealand",
    "timezone": "Pacific/Auckland",
    "aliases": ["Auckland"]
  },
  {
    "city": "Wellington",
    "country": "New Zealand",
    "timezone": "Pacific/Auckland",
    "aliases": ["Wellington"]
  },
  {
    "city": "Christchurch",
    "country": "New Zealand",
    "timezone": "Pacific/Auckland",
    "aliases": ["Christchurch"]
  },
  {
    "city": "Suva",
    "country": "Fiji",
    "timezone": "Pacific/Fiji",
    "aliases": ["Suva"]
  },
  {
    "city": "Port Moresby",
    "country": "Papua New Guinea",
    "timezone": "Pacific/Port_Moresby",
    "aliases": ["Port Moresby"]
  },
  {
    "city": "Apia",
    "country": "Samoa",
    "timezone": "Pacific/Apia",
    "aliases": ["Apia"]
  },
  {
    "city": "Papeete",
    "country": "French Polynesia",
    "timezone": "Pacific/Tahiti",
    "aliases": ["Papeete", "Tahiti"]
  },
  {
    "city": "Nouméa",
    "country": "New Caledonia",
    "timezone": "Pacific/Noumea",
    "aliases": ["Noumea", "Nouméa"]
  },
  {
    "city": "Honolulu",
    "country": "United States",
    "timezone": "Pacific/Honolulu",
    "aliases": ["Honolulu"]
  },
  {
    "city": "Anchorage",
    "country": "United States",
    "timezone": "America/Anchorage",
    "aliases": ["Anchorage"]
  },
  {
    "city": "Vienna",
    "country": "Austria",
    "timezone": "Europe/Vienna",
    "aliases": ["Vienna", "Wien"]
  },
  {
    "city": "Brussels",
    "country": "Belgium",
    "timezone": "Europe/Brussels",
    "aliases": ["Brussels", "Bruxelles"]
  },
  {
    "city": "Prague",
    "country": "Czech Republic",
    "timezone": "Europe/Prague",
    "aliases": ["Prague", "Praha"]
  },
  {
    "city": "Copenhagen",
    "country": "Denmark",
    "timezone": "Europe/Copenhagen",
    "aliases": ["Copenhagen", "København"]
  },
  {
    "city": "Helsinki",
    "country": "Finland",
    "timezone": "Europe/Helsinki",
    "aliases": ["Helsinki"]
  },
  {
    "city": "Athens",
    "country": "Greece",
    "timezone": "Europe/Athens",
    "aliases": ["Athens"]
  },
  {
    "city": "Budapest",
    "country": "Hungary",
    "timezone": "Europe/Budapest",
    "aliases": ["Budapest"]
  },
  {
    "city": "Dublin",
    "country": "Ireland",
    "timezone": "Europe/Dublin",
    "aliases": ["Dublin"]
  },
  {
    "city": "Milan",
    "country": "Italy",
    "timezone": "Europe/Rome",
    "aliases": ["Milan", "Milano"]
  },
  {
    "city": "Naples",
    "country": "Italy",
    "timezone": "Europe/Rome",
    "aliases": ["Naples", "Napoli"]
  },
  {
    "city": "Amsterdam",
    "country": "Netherlands",
    "timezone": "Europe/Amsterdam",
    "aliases": ["Amsterdam"]
  },
  {
    "city": "Rotterdam",
    "country": "Netherlands",
    "timezone": "Europe/Amsterdam",
    "aliases": ["Rotterdam"]
  },
  {
    "city": "Oslo",
    "country": "Norway",
    "timezone": "Europe/Oslo",
    "aliases": ["Oslo"]
  },
  {
    "city": "Warsaw",
    "country": "Poland",
    "timezone": "Europe/Warsaw",
    "aliases": ["Warsaw", "Warszawa"]
  },
  {
    "city": "Kraków",
    "country": "Poland",
    "timezone": "Europe/Warsaw",
    "aliases": ["Krakow", "Kraków", "Cracow"]
  },
  {
    "city": "Lisbon",
    "country": "Portugal",
    "timezone": "Europe/Lisbon",
    "aliases": ["Lisbon", "Lisboa"]
  },
  {
    "city": "Porto",
    "country": "Portugal",
    "timezone": "Europe/Lisbon",
    "aliases": ["Porto", "Oporto"]
  }
,
  {
    "city": "Bucharest",
    "country": "Romania",
    "timezone": "Europe/Bucharest",
    "aliases": ["Bucharest", "București"]
  },
  {
    "city": "Belgrade",
    "country": "Serbia",
    "timezone": "Europe/Belgrade",
    "aliases": ["Belgrade", "Beograd"]
  },
  {
    "city": "Stockholm",
    "country": "Sweden",
    "timezone": "Europe/Stockholm",
    "aliases": ["Stockholm"]
  },
  {
    "city": "Gothenburg",
    "country": "Sweden",
    "timezone": "Europe/Stockholm",
    "aliases": ["Gothenburg", "Göteborg"]
  },
  {
    "city": "Zurich",
    "country": "Switzerland",
    "timezone": "Europe/Zurich",
    "aliases": ["Zurich", "Zürich"]
  },
  {
    "city": "Geneva",
    "country": "Switzerland",
    "timezone": "Europe/Zurich",
    "aliases": ["Geneva", "Genève"]
  },
  {
    "city": "Kyiv",
    "country": "Ukraine",
    "timezone": "Europe/Kyiv",
    "aliases": ["Kyiv", "Kiev"]
  },
  {
    "city": "Kharkiv",
    "country": "Ukraine",
    "timezone": "Europe/Kyiv",
    "aliases": ["Kharkiv", "Kharkov"]
  },
  {
    "city": "Odesa",
    "country": "Ukraine",
    "timezone": "Europe/Kyiv",
    "aliases": ["Odesa", "Odessa"]
  },
  {
    "city": "Birmingham",
    "country": "United Kingdom",
    "timezone": "Europe/London",
    "aliases": ["Birmingham"]
  },
  {
    "city": "Manchester",
    "country": "United Kingdom",
    "timezone": "Europe/London",
    "aliases": ["Manchester"]
  },
  {
    "city": "Glasgow",
    "country": "United Kingdom",
    "timezone": "Europe/London",
    "aliases": ["Glasgow"]
  },
  {
    "city": "Edinburgh",
    "country": "United Kingdom",
    "timezone": "Europe/London",
    "aliases": ["Edinburgh"]
  },
  {
    "city": "Liverpool",
    "country": "United Kingdom",
    "timezone": "Europe/London",
    "aliases": ["Liverpool"]
  },
  {
    "city": "Leeds",
    "country": "United Kingdom",
    "timezone": "Europe/London",
    "aliases": ["Leeds"]
  },
  {
    "city": "Lyon",
    "country": "France",
    "timezone": "Europe/Paris",
    "aliases": ["Lyon"]
  },
  {
    "city": "Marseille",
    "country": "France",
    "timezone": "Europe/Paris",
    "aliases": ["Marseille"]
  },
  {
    "city": "Toulouse",
    "country": "France",
    "timezone": "Europe/Paris",
    "aliases": ["Toulouse"]
  },
  {
    "city": "Nice",
    "country": "France",
    "timezone": "Europe/Paris",
    "aliases": ["Nice"]
  },
  {
    "city": "Nantes",
    "country": "France",
    "timezone": "Europe/Paris",
    "aliases": ["Nantes"]
  },
  {
    "city": "Munich",
    "country": "Germany",
    "timezone": "Europe/Berlin",
    "aliases": ["Munich", "München"]
  },
  {
    "city": "Hamburg",
    "country": "Germany",
    "timezone": "Europe/Berlin",
    "aliases": ["Hamburg"]
  },
  {
    "city": "Frankfurt",
    "country": "Germany",
    "timezone": "Europe/Berlin",
    "aliases": ["Frankfurt"]
  },
  {
    "city": "Cologne",
    "country": "Germany",
    "timezone": "Europe/Berlin",
    "aliases": ["Cologne", "Köln"]
  },
  {
    "city": "Stuttgart",
    "country": "Germany",
    "timezone": "Europe/Berlin",
    "aliases": ["Stuttgart"]
  },
  {
    "city": "Düsseldorf",
    "country": "Germany",
    "timezone": "Europe/Berlin",
    "aliases": ["Dusseldorf", "Düsseldorf"]
  },
  {
    "city": "Dortmund",
    "country": "Germany",
    "timezone": "Europe/Berlin",
    "aliases": ["Dortmund"]
  },
  {
    "city": "Essen",
    "country": "Germany",
    "timezone": "Europe/Berlin",
    "aliases": ["Essen"]
  },
  {
    "city": "Leipzig",
    "country": "Germany",
    "timezone": "Europe/Berlin",
    "aliases": ["Leipzig"]
  },
  {
    "city": "Valencia",
    "country": "Spain",
    "timezone": "Europe/Madrid",
    "aliases": ["Valencia", "València"]
  },
  {
    "city": "Seville",
    "country": "Spain",
    "timezone": "Europe/Madrid",
    "aliases": ["Seville", "Sevilla"]
  },
  {
    "city": "Zaragoza",
    "country": "Spain",
    "timezone": "Europe/Madrid",
    "aliases": ["Zaragoza", "Saragossa"]
  },
  {
    "city": "Málaga",
    "country": "Spain",
    "timezone": "Europe/Madrid",
    "aliases": ["Malaga", "Málaga"]
  },
  {
    "city": "Bilbao",
    "country": "Spain",
    "timezone": "Europe/Madrid",
    "aliases": ["Bilbao"]
  },
  {
    "city": "Minsk",
    "country": "Belarus",
    "timezone": "Europe/Minsk",
    "aliases": ["Minsk"]
  },
  {
    "city": "Sofia",
    "country": "Bulgaria",
    "timezone": "Europe/Sofia",
    "aliases": ["Sofia"]
  },
  {
    "city": "Zagreb",
    "country": "Croatia",
    "timezone": "Europe/Zagreb",
    "aliases": ["Zagreb"]
  },
  {
    "city": "Bratislava",
    "country": "Slovakia",
    "timezone": "Europe/Bratislava",
    "aliases": ["Bratislava"]
  },
  {
    "city": "Ljubljana",
    "country": "Slovenia",
    "timezone": "Europe/Ljubljana",
    "aliases": ["Ljubljana"]
  },
  {
    "city": "Vilnius",
    "country": "Lithuania",
    "timezone": "Europe/Vilnius",
    "aliases": ["Vilnius"]
  },
  {
    "city": "Riga",
    "country": "Latvia",
    "timezone": "Europe/Riga",
    "aliases": ["Riga"]
  },
  {
    "city": "Tallinn",
    "country": "Estonia",
    "timezone": "Europe/Tallinn",
    "aliases": ["Tallinn"]
  },
  {
    "city": "Reykjavik",
    "country": "Iceland",
    "timezone": "Atlantic/Reykjavik",
    "aliases": ["Reykjavik", "Reykjavík"]
  }
]
